Salud Mental (Recursos) — Terremoto en Colombia (10 de agosto de 2026),,
Por ahora no se recibirán más propuestas de donaciones. Mañana (12 de agosto) se compartirá un nuevo formato.,,
Organización,Link,Descripción
PRAXIS Grupos Operativos Psicosociales,https://www.instagram.com/p/Db3qET9tebz/?igsh=cnp4OGZwaXRrMTNv,"🚨 APOYO PSICOLÓGICO GRATUITO - SISMO 🌍

Frente al fuerte sismo ocurrido recientemente en Colombia, en Praxis.GO estamos para acompañarte. Sabemos que cuando la tierra tiembla, el miedo y la angustia se hacen presentes. No estás sol@.

📲 Solicita primeros auxilios psicológicos y contención emocional aquí:
👉 https://wa.me/5215533200457?text=Hola,%20necesito%20apoyo%20psicol%C3%B3gico

Escríbenos al WhatsApp +525533200457 

El cuidado de la salud mental, el abrazo y la escucha activa no tienen fronteras. Por favor, comparte este mensaje con quien lo necesite. 🫂💚"
Asociación Mundial de Psicología en Emergencias / Defensa Civil Colombiana,https://docs.google.com/forms/d/e/1FAIpQLScc9MSgtvAiHoPEKV5F8Wu1XHVcc58rjqfxTCCIr9PexkjR_w/viewform,"La Asociación Mundial de Psicología en Emergencias – AMPE Colombia y la Defensa Civil Colombiana ponen a tu disposición este servicio gratuito de atención psicológica, dirigido a las personas afectadas de manera directa o indirecta por los terremotos ocurridos en Colombia y/o Venezuela."
Fundación Sergio Urrego,https://www.instagram.com/fundacionsergiourrego/,"💛 Es importante cuidar cómo nos sentimos.

Por eso, activamos nuestra Línea Salvavidas 📞 para brindar acompañamiento emocional a quienes lo necesiten en este momento.

Si tú o alguien cercano necesita hablar, sentirse escuchado o recibir orientación, **estamos aquí para acompañarte**, sin juicios y con respeto. 🤝🏽

📞 Línea Salvavidas: 311 766 8666
🕐 8:00 a. m. a 10:00 p. m.

💛 No tienes que atravesar este momento en soledad."
Corporación Emergencias Apolo,,"💙 ¿Necesitas un espacio para ser escuchado?

En Corporación Emergencias Apolo ofrecemos Zonas de Escucha Psicológica Gratuitas con atención presencial o virtual.

🕘 Horario: 9:00 a. m. a 4:00 p. m.
📲 Agenda tu cita: 319 562 5646

Cupos limitados. No tienes que enfrentar todo en silencio. 💚"
SOStengo,https://www.sostengo.org/,"SOStengo conecta a personas afectadas por situaciones de emergencia, desastre o crisis con profesionales voluntarios de la salud mental, que ofrecen un espacio gratuito, confidencial y profundamente humano de acompañamiento emocional."