Personas Desaparecidas (recursos) — Terremoto en Colombia (10 de agosto de 2026),,
Por ahora no se recibirán más propuestas de donaciones. Mañana (12 de agosto) se compartirá un nuevo formato.,,
Organización,Link,Descripción
Colombia Te Busca,https://colombiatebusca.com/,"""Registro ciudadano para ayudar a localizar personas desaparecidas en Colombia

Si no logras comunicarte con una persona, repórtala aquí. Si ya fue localizada, actualiza la información para llevar tranquilidad a su familia y a la comunidad."""
Ayuda Colombia - Red de Reunificación,https://www.encontremos.co/,"""Ayudemos a que los nombres en los comentarios no se pierdan.

Si ves un post en Instagram con nombres de personas desaparecidas, comparte el enlace.

Nosotros identificamos los nombres y hacemos llegar la información a los grupos que están ayudando a encontrarlos"""